{
  "project_info": {
    "project_number": "685273669240",
    "firebase_url": "https://fir-db-c4577.firebaseio.com",
    "project_id": "fir-db-c4577",
    "storage_bucket": "fir-db-c4577.appspot.com"
  },
  "client": [
    {
      "client_info": {
        "mobilesdk_app_id": "1:685273669240:android:3b251382854215b1b7978d",
        "android_client_info": {
          "package_name": "ge.msda.firebasedb"
        }
      },
      "oauth_client": [
        {
          "client_id": "685273669240-c8i4kglm0l65tl5tc9o132g7326ee3iq.apps.googleusercontent.com",
          "client_type": 1,
          "android_info": {
            "package_name": "ge.msda.firebasedb",
            "certificate_hash": "5e50b96f65dfda9e792d8ee7fa110d73a1f38cc8"
          }
        },
        {
          "client_id": "685273669240-5j36665o4okv6a3vbf63ggaf49l72t3p.apps.googleusercontent.com",
          "client_type": 3
        }
      ],
      "api_key": [
        {
          "current_key": "AIzaSyDHCztvJXVDvNm-QG8gE1CyOc5Lcw70RvU"
        }
      ],
      "services": {
        "appinvite_service": {
          "other_platform_oauth_client": [
            {
              "client_id": "685273669240-5j36665o4okv6a3vbf63ggaf49l72t3p.apps.googleusercontent.com",
              "client_type": 3
            }
          ]
        }
      }
    }
  ],
  "configuration_version": "1"
}